{
  "AUC": 0.8248205394692318,
  "Accuracy": 0.758235294117647,
  "F1": 0.6589211618257261,
  "_runtime": 7330,
  "_step": 50,
  "_timestamp": 1765201175.3695185,
  "_wandb.runtime": 7330,
  "epoch": 50,
  "lr": 0,
  "train_acc": 0.7988235294117647,
  "train_loss": 0.4320138481175788,
  "val_acc": 0.634,
  "val_auc": 0.754792,
  "val_loss": 0.8295777812600136
}
