{
  "AUC": 0.8130226712428095,
  "Accuracy": 0.7594117647058823,
  "F1": 0.6458874458874458,
  "_runtime": 7290,
  "_step": 50,
  "_timestamp": 1765175087.4076695,
  "_wandb.runtime": 7290,
  "epoch": 50,
  "lr": 0,
  "train_acc": 0.7794117647058824,
  "train_loss": 0.46778127467520886,
  "val_acc": 0.62,
  "val_auc": 0.742064,
  "val_loss": 0.7055437192320824
}
