{
  "AUC": 0.8259806883550055,
  "Accuracy": 0.7541176470588236,
  "F1": 0.6584967320261438,
  "_runtime": 7467,
  "_step": 50,
  "_timestamp": 1765187602.801154,
  "_wandb.runtime": 7467,
  "epoch": 50,
  "lr": 0,
  "train_acc": 0.8948529411764706,
  "train_loss": 0.26745520351089047,
  "val_acc": 0.654,
  "val_auc": 0.77328,
  "val_loss": 0.7424059100449085
}
