{
  "AUC": 0.8186957690820322,
  "Accuracy": 0.7270588235294118,
  "F1": 0.6764295676429568,
  "_runtime": 4803,
  "_step": 30,
  "_timestamp": 1765676429.3765178,
  "_wandb.runtime": 4803,
  "epoch": 30,
  "lr": 0,
  "train_acc": 0.8205882352941176,
  "train_loss": 0.38627645429049695,
  "val_acc": 0.65,
  "val_auc": 0.763024,
  "val_loss": 0.7160360813140869
}
