{
  "AUC": 0.8211074587905448,
  "Accuracy": 0.7064705882352941,
  "F1": 0.6684385382059801,
  "_runtime": 8200,
  "_step": 50,
  "_timestamp": 1765426631.5660288,
  "_wandb.runtime": 8200,
  "epoch": 50,
  "lr": 0,
  "train_acc": 0.8513235294117647,
  "train_loss": 0.3232123195846504,
  "val_acc": 0.638,
  "val_auc": 0.730976,
  "val_loss": 0.8918432518839836
}
